ds,return_pct,IQR,STL_IQR,ModZscore,methods_count
2018-01-03,0.6398818768781567,0,0,0,0
2018-01-04,0.40286360805039667,0,0,0,0
2018-01-05,0.7033767443369587,0,0,0,0
2018-01-08,0.16623439316436617,0,0,0,0
2018-01-09,0.13029315960912946,0,0,0,0
2018-01-10,-0.11122268282528491,0,0,0,0
2018-01-11,0.7033646478779465,0,0,0,0
2018-01-12,0.6749602987881076,0,0,0,0
2018-01-16,-0.3524487622672101,0,0,0,0
2018-01-17,0.9415051560751175,0,0,0,0
2018-01-18,-0.16163897301626484,0,0,0,0
2018-01-19,0.43852351128388367,0,0,0,0
2018-01-22,0.8066726499347698,0,0,0,0
2018-01-23,0.21743654797181655,0,0,0,0
2018-01-24,-0.05599757022828333,0,0,0,0
2018-01-25,0.060262090189389106,0,0,0,0
2018-01-26,1.1841196508761032,0,0,0,0
2018-01-29,-0.6731974332887192,0,0,0,0
2018-01-30,-1.0898815620283941,0,0,0,0
2018-01-31,0.048898537308339485,0,0,0,0
2018-02-01,-0.06480882520516484,0,0,0,0
2018-02-02,-2.120854792396809,0,0,0,0
2018-02-05,-4.097922480422822,1,0,1,2
2018-02-06,1.7440920592313836,0,0,0,0
2018-02-07,-0.5001588416939429,0,0,0,0
2018-02-08,-3.753641975808808,0,0,1,1
2018-02-09,1.4936090208494734,0,0,0,0
2018-02-12,1.3914584754042503,0,0,0,0
2018-02-13,0.26129297463290957,0,0,0,0
2018-02-14,1.3402458257245842,0,0,0,0
2018-02-15,1.2069112762299383,0,0,0,0
2018-02-16,0.03734693722488025,0,0,0,0
2018-02-20,-0.5841389459353419,0,0,0,0
2018-02-21,-0.5496503128179286,0,0,0,0
2018-02-22,0.09735510790762625,0,0,0,0
2018-02-23,1.602837635051313,0,0,0,0
2018-02-26,1.1757015343810906,0,0,0,0
2018-02-27,-1.2706888443829278,0,0,0,0
2018-02-28,-1.1095788639207016,0,0,0,0
2018-03-01,-1.3324399541987275,0,0,0,0
2018-03-02,0.5071602744632031,0,0,0,0
2018-03-05,1.1032026532745043,0,0,0,0
2018-03-06,0.2638858606169414,0,0,0,0
2018-03-07,-0.0483874720566102,0,0,0,0
2018-03-08,0.4463078207817217,0,0,0,0
2018-03-09,1.737883151892694,0,0,0,0
2018-03-12,-0.1273985129042532,0,0,0,0
2018-03-13,-0.6363576551088879,0,0,0,0
2018-03-14,-0.5724521948562322,0,0,0,0
2018-03-15,-0.0781930531963182,0,0,0,0
2018-03-16,0.1703447167811456,0,0,0,0
2018-03-19,-1.4204195388793028,0,0,0,0
2018-03-20,0.14818054520648882,0,0,0,0
2018-03-21,-0.18439898833508828,0,0,0,0
2018-03-22,-2.5162888405856454,0,0,0,0
2018-03-23,-2.096688071186603,0,0,0,0
2018-03-26,2.715725576151251,0,0,0,0
2018-03-27,-1.7276308813847896,0,0,0,0
2018-03-28,-0.291665716625622,0,0,0,0
2018-03-29,1.3769718690019195,0,0,0,0
2018-04-02,-2.2337423560165104,0,0,0,0
2018-04-03,1.2614865848792123,0,0,0,0
2018-04-04,1.156648273982852,0,0,0,0
2018-04-05,0.6862863657553842,0,0,0,0
2018-04-06,-2.1920248779842444,0,0,0,0
2018-04-09,0.33365488963206236,0,0,0,0
2018-04-10,1.67269537832615,0,0,0,0
2018-04-11,-0.5525364482924067,0,0,0,0
2018-04-12,0.8250750063987677,0,0,0,0
2018-04-13,-0.2886625488248695,0,0,0,0
2018-04-16,0.8109038386684864,0,0,0,0
2018-04-17,1.0661504701720004,0,0,0,0
2018-04-18,0.08313658006817715,0,0,0,0
2018-04-19,-0.5726124690152989,0,0,0,0
2018-04-20,-0.853653230061302,0,0,0,0
2018-04-23,0.005623169212687351,0,0,0,0
2018-04-24,-1.338056164164636,0,0,0,0
2018-04-25,0.1837059563023713,0,0,0,0
2018-04-26,1.0434204774367295,0,0,0,0
2018-04-27,0.11136248915897262,0,0,0,0
2018-04-30,-0.8187490964434607,0,0,0,0
2018-05-01,0.25490454770622506,0,0,0,0
2018-05-02,-0.7205863568357729,0,0,0,0
2018-05-03,-0.22536742393085563,0,0,0,0
2018-05-04,1.281117896379791,0,0,0,0
2018-05-07,0.34579455015175675,0,0,0,0
2018-05-08,-0.02656413228280252,0,0,0,0
2018-05-09,0.9682220255068819,0,0,0,0
2018-05-10,0.9370643723504823,0,0,0,0
2018-05-11,0.17075955546570487,0,0,0,0
2018-05-14,0.08834895573073265,0,0,0,0
2018-05-15,-0.6842140279927467,0,0,0,0
2018-05-16,0.4060561678767671,0,0,0,0
2018-05-17,-0.08558723207806596,0,0,0,0
2018-05-18,-0.263219493841671,0,0,0,0
2018-05-21,0.7386752997235124,0,0,0,0
2018-05-22,-0.3135761789657687,0,0,0,0
2018-05-23,0.32484098921563564,0,0,0,0
2018-05-24,-0.2023213496498033,0,0,0,0
2018-05-25,-0.23572204364039617,0,0,0,0
2018-05-29,-1.1564187290653005,0,0,0,0
2018-05-30,1.2695791223314323,0,0,0,0
2018-05-31,-0.6879559974886984,0,0,0,0
2018-06-01,1.0849230370481022,0,0,0,0
2018-06-04,0.4479598435997323,0,0,0,0
2018-06-05,0.07025929724704394,0,0,0,0
2018-06-06,0.8567392465728796,0,0,0,0
2018-06-07,-0.07141884679080501,0,0,0,0
2018-06-08,0.31259043893263616,0,0,0,0
2018-06-11,0.1068707668436586,0,0,0,0
2018-06-12,0.17433852107295866,0,0,0,0
2018-06-13,-0.4026127868587581,0,0,0,0
2018-06-14,0.2471549778432225,0,0,0,0
2018-06-15,-0.10171027155291279,0,0,0,0
2018-06-18,-0.21261277624751163,0,0,0,0
2018-06-19,-0.4023402292699374,0,0,0,0
2018-06-20,0.17121542893689945,0,0,0,0
2018-06-21,-0.6345510515579966,0,0,0,0
2018-06-22,0.18619345065358228,0,0,0,0
2018-06-25,-1.3724668973416176,0,0,0,0
2018-06-26,0.22045770199778936,0,0,0,0
2018-06-27,-0.8604355128821406,0,0,0,0
2018-06-28,0.617868985946779,0,0,0,0
2018-06-29,0.07584033300001014,0,0,0,0
2018-07-02,0.3067957412152822,0,0,0,0
2018-07-03,-0.49473506268106204,0,0,0,0
2018-07-05,0.8620803683929923,0,0,0,0
2018-07-06,0.8481281595267509,0,0,0,0
2018-07-09,0.8822985887663393,0,0,0,0
2018-07-10,0.3473267180873929,0,0,0,0
2018-07-11,-0.7094202866256172,0,0,0,0
2018-07-12,0.8749042674663476,0,0,0,0
2018-07-13,0.10792374947172778,0,0,0,0
2018-07-16,-0.1028135726814483,0,0,0,0
2018-07-17,0.39736986307106203,0,0,0,0
2018-07-18,0.21605126279586884,0,0,0,0
2018-07-19,-0.39529931204791424,0,0,0,0
2018-07-20,-0.09484477101494582,0,0,0,0
2018-07-23,0.18380494891383492,0,0,0,0
2018-07-24,0.4780911145920941,0,0,0,0
2018-07-25,0.9101605057599604,0,0,0,0
2018-07-26,-0.30322960242857855,0,0,0,0
2018-07-27,-0.656220869212365,0,0,0,0
2018-07-30,-0.5754170294581917,0,0,0,0
2018-07-31,0.4884728797982518,0,0,0,0
2018-08-01,-0.10403515262938923,0,0,0,0
2018-08-02,0.4926444803381669,0,0,0,0
2018-08-03,0.4644183009877123,0,0,0,0
2018-08-06,0.3538227451535869,0,0,0,0
2018-08-07,0.28241822564987196,0,0,0,0
2018-08-08,-0.02623799656497061,0,0,0,0
2018-08-09,-0.14416744645237012,0,0,0,0
2018-08-10,-0.7113887913551609,0,0,0,0
2018-08-13,-0.40059921853423663,0,0,0,0
2018-08-14,0.6389254777276809,0,0,0,0
2018-08-15,-0.7602164835758152,0,0,0,0
2018-08-16,0.7919408484583057,0,0,0,0
2018-08-17,0.33231157222237684,0,0,0,0
2018-08-20,0.24280177746833775,0,0,0,0
2018-08-21,0.20685364303643095,0,0,0,0
2018-08-22,-0.03981517707819515,0,0,0,0
2018-08-23,-0.16912621251551352,0,0,0,0
2018-08-24,0.6198839704363079,0,0,0,0
2018-08-27,0.7670409427647185,0,0,0,0
2018-08-28,0.026927832649970007,0,0,0,0
2018-08-29,0.5701434129840033,0,0,0,0
2018-08-30,-0.4430329054144866,0,0,0,0
2018-08-31,0.013447750859452157,0,0,0,0
2018-09-04,-0.16543221469484948,0,0,0,0
2018-09-05,-0.2803126684318036,0,0,0,0
2018-09-06,-0.36523050860121087,0,0,0,0
2018-09-07,-0.2213344827027508,0,0,0,0
2018-09-10,0.18978268127400888,0,0,0,0
2018-09-11,0.3739841510076891,0,0,0,0
2018-09-12,0.03566719422101183,0,0,0,0
2018-09-13,0.5282254329749936,0,0,0,0
2018-09-14,0.027548183892078804,0,0,0,0
2018-09-17,-0.5569722252617426,0,0,0,0
2018-09-18,0.5369014643958003,0,0,0,0
2018-09-19,0.12532727238796504,0,0,0,0
2018-09-20,0.7840591898404803,0,0,0,0
2018-09-21,-0.03685330120276609,0,0,0,0
2018-09-24,-0.35156877607932513,0,0,0,0
2018-09-25,-0.13050961134796202,0,0,0,0
2018-09-26,-0.3289278113945082,0,0,0,0
2018-09-27,0.27632870875580196,0,0,0,0
2018-09-28,-0.0006870120538793323,0,0,0,0
2018-10-01,0.3641105118425747,0,0,0,0
2018-10-02,-0.03966902079042267,0,0,0,0
2018-10-03,0.07115197468861023,0,0,0,0
2018-10-04,-0.8169482334351885,0,0,0,0
2018-10-05,-0.5527978766503461,0,0,0,0
2018-10-08,-0.03951166292067709,0,0,0,0
2018-10-09,-0.14179036575431292,0,0,0,0
2018-10-10,-3.28642290012785,0,0,1,1
2018-10-11,-2.057300761734404,0,0,0,0
2018-10-12,1.4206197825152422,0,0,0,0
2018-10-15,-0.5904978964482943,0,0,0,0
2018-10-16,2.149560016316343,0,0,0,0
2018-10-17,-0.025266233815879335,0,0,0,0
2018-10-18,-1.4391922356395415,0,0,0,0
2018-10-19,-0.03611698977235012,0,0,0,0
2018-10-22,-0.42995275485813167,0,0,0,0
2018-10-23,-0.5511829997012829,0,0,0,0
2018-10-24,-3.0864433977743855,0,0,1,1
2018-10-25,1.8625040052811848,0,0,0,0
2018-10-26,-1.7327264039978307,0,0,0,0
2018-10-29,-0.6559599573700448,0,0,0,0
2018-10-30,1.5666780052058682,0,0,0,0
2018-10-31,1.0851331974038647,0,0,0,0
2018-11-01,1.0557843693063784,0,0,0,0
2018-11-02,-0.6316686379398861,0,0,0,0
2018-11-05,0.5600317169601965,0,0,0,0
2018-11-06,0.6259295774170726,0,0,0,0
2018-11-07,2.1208856064105275,0,0,0,0
2018-11-08,-0.25089163835961825,0,0,0,0
2018-11-09,-0.9199013706103321,0,0,0,0
2018-11-12,-1.970148934024063,0,0,0,0
2018-11-13,-0.14819196931705747,0,0,0,0
2018-11-14,-0.7567410690302756,0,0,0,0
2018-11-15,1.0593753366266334,0,0,0,0
2018-11-16,0.22233054237545957,0,0,0,0
2018-11-19,-1.664310858849427,0,0,0,0
2018-11-20,-1.815124083246611,0,0,0,0
2018-11-21,0.3043290746176375,0,0,0,0
2018-11-23,-0.6554842390161242,0,0,0,0
2018-11-26,1.55323683669224,0,0,0,0
2018-11-27,0.3261692144003847,0,0,0,0
2018-11-28,2.2973979644221654,0,0,0,0
2018-11-29,-0.21831080910337253,0,0,0,0
2018-11-30,0.8170747552017188,0,0,0,0
2018-12-03,1.0941426132194287,0,0,0,0
2018-12-04,-3.236490314939877,0,0,1,1
2018-12-06,-0.15222281477752508,0,0,0,0
2018-12-07,-2.3320118765389863,0,0,0,0
2018-12-10,0.1762153994735005,0,0,0,0
2018-12-11,-0.035634616892232795,0,0,0,0
2018-12-12,0.5419503676349802,0,0,0,0
2018-12-13,-0.019993032368359476,0,0,0,0
2018-12-14,-1.9086709555430348,0,0,0,0
2018-12-17,-2.0773480559224233,0,0,0,0
2018-12-18,0.008640058610476231,0,0,0,0
2018-12-19,-1.539571453679811,0,0,0,0
2018-12-20,-1.5772106327423652,0,0,0,0
2018-12-21,-2.0588228309714296,0,0,0,0
2018-12-24,-2.7112254452099527,0,0,0,0
2018-12-26,4.959374278953943,1,0,1,2
2018-12-27,0.8562680784222065,0,0,0,0
2018-12-28,-0.12415825080966947,0,0,0,0
2018-12-31,0.849248413140935,0,0,0,0
2019-01-02,0.12684969251244294,0,0,0,0
2019-01-03,-2.475673039503723,0,1,0,1
2019-01-04,3.4335714642623527,0,0,1,1
2019-01-07,0.7010434848680358,0,0,0,0
2019-01-08,0.9695285023358924,0,0,0,0
2019-01-09,0.4098045450532162,0,0,0,0
2019-01-10,0.4518418782931244,0,0,0,0
2019-01-11,-0.014629784190933748,0,0,0,0
2019-01-14,-0.5257525167898014,0,0,0,0
2019-01-15,1.0721688622945758,0,0,0,0
2019-01-16,0.22219854881162515,0,0,0,0
2019-01-17,0.7591400382211066,0,0,0,0
2019-01-18,1.318305304897005,0,0,0,0
2019-01-22,-1.4157306164566674,0,0,0,0
2019-01-23,0.22029127742235755,0,0,0,0
2019-01-24,0.1375725554363605,0,0,0,0
2019-01-25,0.8488694060713842,0,0,0,0
2019-01-28,-0.7846827493937836,0,0,0,0
2019-01-29,-0.14562465775435074,0,0,0,0
2019-01-30,1.554926091974429,0,0,0,0
2019-01-31,0.8597395948725328,0,0,0,0
2019-02-01,0.08986100931438479,0,0,0,0
2019-02-04,0.6776236617404008,0,0,0,0
2019-02-05,0.470842037697472,0,0,0,0
2019-02-06,-0.22244379802809355,0,0,0,0
2019-02-07,-0.9357140143940179,0,0,0,0
2019-02-08,0.06762010869560964,0,0,0,0
2019-02-11,0.07091030986317026,0,0,0,0
2019-02-12,1.28902247439735,0,0,0,0
2019-02-13,0.3023994668760688,0,0,0,0
2019-02-14,-0.2651641555101225,0,0,0,0
2019-02-15,1.087875260858695,0,0,0,0
2019-02-19,0.14987433214488366,0,0,0,0
2019-02-20,0.17771107537685182,0,0,0,0
2019-02-21,-0.3526436790880272,0,0,0,0
2019-02-22,0.6411102394986878,0,0,0,0
2019-02-25,0.12318625699112573,0,0,0,0
2019-02-26,-0.07904570968998437,0,0,0,0
2019-02-27,-0.05440493877303387,0,0,0,0
2019-02-28,-0.28255083152146643,0,0,0,0
2019-03-01,0.689532059343434,0,0,0,0
2019-03-04,-0.3880558492514008,0,0,0,0
2019-03-05,-0.1131532823106185,0,0,0,0
2019-03-06,-0.6524098653592381,0,0,0,0
2019-03-07,-0.8125717558683521,0,0,0,0
2019-03-08,-0.21316888487414865,0,0,0,0
2019-03-11,1.4666041867757107,0,0,0,0
2019-03-12,0.29533182046204143,0,0,0,0
2019-03-13,0.6949583813841809,0,0,0,0
2019-03-14,-0.08680223820187738,0,0,0,0
2019-03-15,0.498490290027398,0,0,0,0
2019-03-18,0.37059469012648005,0,0,0,0
2019-03-19,-0.01305615560248663,0,0,0,0
2019-03-20,-0.29443536044478913,0,0,0,0
2019-03-21,1.0852481049954399,0,0,0,0
2019-03-22,-1.8974501239482744,0,0,0,0
2019-03-25,-0.0839020658475631,0,0,0,0
2019-03-26,0.7182725862306283,0,0,0,0
2019-03-27,-0.46443248906916645,0,0,0,0
2019-03-28,0.3589481529391092,0,0,0,0
2019-03-29,0.6734280017363758,0,0,0,0
2019-04-01,1.1568600124275408,0,0,0,0
2019-04-02,0.001745570720723677,0,0,0,0
2019-04-03,0.2148376881724312,0,0,0,0
2019-04-04,0.20846350796801527,0,0,0,0
2019-04-05,0.4636432770241061,0,0,0,0
2019-04-08,0.10474599539205265,0,0,0,0
2019-04-09,-0.6067494393846573,0,0,0,0
2019-04-10,0.34778715639784963,0,0,0,0
2019-04-11,0.0038123067008344336,0,0,0,0
2019-04-12,0.6609324208602496,0,0,0,0
2019-04-15,-0.06293691084816588,0,0,0,0
2019-04-16,0.050935800389462216,0,0,0,0
2019-04-17,-0.22738117853239315,0,0,0,0
2019-04-18,0.15790922795098083,0,0,0,0
2019-04-22,0.10120175614714011,0,0,0,0
2019-04-23,0.8841205788409079,0,0,0,0
2019-04-24,-0.21917631747336852,0,0,0,0
2019-04-25,-0.03689736527457965,0,0,0,0
2019-04-26,0.46852921407636305,0,0,0,0
2019-04-29,0.10715221743553549,0,0,0,0
2019-04-30,0.09514170090862972,0,0,0,0
2019-05-01,-0.7502163081421376,0,0,0,0
2019-05-02,-0.21239857917741967,0,0,0,0
2019-05-03,0.9638279380647763,0,0,0,0
2019-05-06,-0.4470988428756373,0,0,0,0
2019-05-07,-1.6511651392423388,0,0,0,0
2019-05-08,-0.16054253132695706,0,0,0,0
2019-05-09,-0.30214249424966866,0,0,0,0
2019-05-10,0.37202972597878414,0,0,0,0
2019-05-13,-2.413055719884427,0,0,0,0
2019-05-14,0.8015944543135589,0,0,0,0
2019-05-15,0.583897507464215,0,0,0,0
2019-05-16,0.8895287120600504,0,0,0,0
2019-05-17,-0.5837333350761975,0,0,0,0
2019-05-20,-0.6749377915387988,0,0,0,0
2019-05-21,0.8495835590448308,0,0,0,0
2019-05-22,-0.2824396230649451,0,0,0,0
2019-05-23,-1.191414994527018,0,0,0,0
2019-05-24,0.13535590072402126,0,0,0,0
2019-05-28,-0.8375676922946718,0,0,0,0
2019-05-29,-0.6911912256811314,0,0,0,0
2019-05-30,0.20984713906617714,0,0,0,0
2019-05-31,-1.319537280847849,0,0,0,0
2019-06-03,-0.27652403144732274,0,0,0,0
2019-06-04,2.1432370568193138,0,0,0,0
2019-06-05,0.8161854781411959,0,0,0,0
2019-06-06,0.6135586748687638,0,0,0,0
2019-06-07,1.049769746289475,0,0,0,0
2019-06-10,0.46600444669098184,0,0,0,0
2019-06-11,-0.034988023558091275,0,0,0,0
2019-06-12,-0.20375791387226005,0,0,0,0
2019-06-13,0.40973819126681743,0,0,0,0
2019-06-14,-0.1611511904139773,0,0,0,0
2019-06-17,0.09317492412306283,0,0,0,0
2019-06-18,0.9717399870633026,0,0,0,0
2019-06-19,0.2985163546397107,0,0,0,0
2019-06-20,0.9472185190685156,0,0,0,0
2019-06-21,-0.12592227925193322,0,0,0,0
2019-06-24,-0.17318870104667816,0,0,0,0
2019-06-25,-0.9496397343734198,0,0,0,0
2019-06-26,-0.12339337557076835,0,0,0,0
2019-06-27,0.3823175554131808,0,0,0,0
2019-06-28,0.5757452627909831,0,0,0,0
2019-07-01,0.7672301032188189,0,0,0,0
2019-07-02,0.2928125887423194,0,0,0,0
2019-07-03,0.7672378673070135,0,0,0,0
2019-07-05,-0.180590159841032,0,0,0,0
2019-07-08,-0.48354444248415174,0,0,0,0
2019-07-09,0.12365569653400854,0,0,0,0
2019-07-10,0.45106896075925995,0,0,0,0
2019-07-11,0.22852267383599578,0,0,0,0
2019-07-12,0.4620174547884881,0,0,0,0
2019-07-15,0.017586919155743175,0,0,0,0
2019-07-16,-0.3403778522185874,0,0,0,0
2019-07-17,-0.6531243569450895,0,0,0,0
2019-07-18,0.3581997784064761,0,0,0,0
2019-07-19,-0.617673452276668,0,0,0,0
2019-07-22,0.2828694915066654,0,0,0,0
2019-07-23,0.6847482673755456,0,0,0,0
2019-07-24,0.4688147952890187,0,0,0,0
2019-07-25,-0.5262401280453521,0,0,0,0
2019-07-26,0.7387691099234761,0,0,0,0
2019-07-29,-0.16161146071345112,0,0,0,0
2019-07-30,-0.25786549148275606,0,0,0,0
2019-07-31,-1.0885526112695776,0,0,0,0
2019-08-01,-0.8998793869673061,0,0,0,0
2019-08-02,-0.7282739927037873,0,0,0,0
2019-08-05,-2.97778200029859,0,0,0,0
2019-08-06,1.3017017169932643,0,0,0,0
2019-08-07,0.07668762331907164,0,0,0,0
2019-08-08,1.8762303409984193,0,0,0,0
2019-08-09,-0.661660635492356,0,0,0,0
2019-08-12,-1.2317322177972212,0,0,0,0
2019-08-13,1.5131688322181258,0,0,0,0
2019-08-14,-2.9292752911742603,0,0,0,0
2019-08-15,0.24642680276520945,0,0,0,0
2019-08-16,1.4426124657807904,0,0,0,0
2019-08-19,1.2105865492430645,0,0,0,0
2019-08-20,-0.7914727601131322,0,0,0,0
2019-08-21,0.8246798595579641,0,0,0,0
2019-08-22,-0.05060748601761755,0,0,0,0
2019-08-23,-2.5946336754618105,0,0,0,0
2019-08-26,1.0982987735216332,0,0,0,0
2019-08-27,-0.3203180635808267,0,0,0,0
2019-08-28,0.6545480165679685,0,0,0,0
2019-08-29,1.2687291793508804,0,0,0,0
2019-08-30,0.06427872591217021,0,0,0,0
2019-09-03,-0.689910050906084,0,0,0,0
2019-09-04,1.0842079212828093,0,0,0,0
2019-09-05,1.300981364226672,0,0,0,0
2019-09-06,0.09106051537297599,0,0,0,0
2019-09-09,-0.009401025965849463,0,0,0,0
2019-09-10,0.03223043548219451,0,0,0,0
2019-09-11,0.7229681189480308,0,0,0,0
2019-09-12,0.2879153101061016,0,0,0,0
2019-09-13,-0.07244143620946941,0,0,0,0
2019-09-16,-0.31355866640028207,0,0,0,0
2019-09-17,0.25817523700197853,0,0,0,0
2019-09-18,0.03426919897555614,0,0,0,0
2019-09-19,0.001997472142156731,0,0,0,0
2019-09-20,-0.48955765157830955,0,0,0,0
2019-09-23,-0.009693591923765066,0,0,0,0
2019-09-24,-0.8416371322106486,0,0,0,0
2019-09-25,0.6158571742003405,0,0,0,0
2019-09-26,-0.2428916406865711,0,0,0,0
2019-09-27,-0.5316352490240539,0,0,0,0
2019-09-30,0.5047606675254723,0,0,0,0
2019-10-01,-1.2258373372913245,0,0,0,0
2019-10-02,-1.7903202985502964,0,0,0,0
2019-10-03,0.797191259701524,0,0,0,0
2019-10-04,1.4216897585460186,0,0,0,0
2019-10-07,-0.4478294673592398,0,0,0,0
2019-10-08,-1.5560819201407838,0,0,0,0
2019-10-09,0.9104492549941501,0,0,0,0
2019-10-10,0.6415695380997066,0,0,0,0
2019-10-11,1.0938977513132997,0,0,0,0
2019-10-14,-0.13871187334510982,0,0,0,0
2019-10-15,0.9955676641137279,0,0,0,0
2019-10-16,-0.19995427986508885,0,0,0,0
2019-10-17,0.27628315736780706,0,0,0,0
2019-10-18,-0.39193449495069643,0,0,0,0
2019-10-21,0.6871616056117524,0,0,0,0
2019-10-22,-0.3568666378412577,0,0,0,0
2019-10-23,0.28471487971184484,0,0,0,0
2019-10-24,0.192044635873323,0,0,0,0
2019-10-25,0.4072700506109195,0,0,0,0
2019-10-28,0.5581337868471481,0,0,0,0
2019-10-29,-0.08324053147991117,0,0,0,0
2019-10-30,0.325337015914573,0,0,0,0
2019-10-31,-0.3022860563304697,0,0,0,0
2019-11-01,0.9662312168146059,0,0,0,0
2019-11-04,0.3704089049704651,0,0,0,0
2019-11-05,-0.1185699214361291,0,0,0,0
2019-11-06,0.07024972279667807,0,0,0,0
2019-11-07,0.27300951851503275,0,0,0,0
2019-11-08,0.25606760900243053,0,0,0,0
2019-11-11,-0.19624672514313435,0,0,0,0
2019-11-12,0.15646460846321375,0,0,0,0
2019-11-13,0.07115345908383919,0,0,0,0
2019-11-14,0.08370427393644686,0,0,0,0
2019-11-15,0.7695488006902673,0,0,0,0
2019-11-18,0.05031528617669423,0,0,0,0
2019-11-19,-0.05925944462060739,0,0,0,0
2019-11-20,-0.3756184245747196,0,0,0,0
2019-11-21,-0.15827522106851566,0,0,0,0
2019-11-22,0.21749356911917594,0,0,0,0
2019-11-25,0.7507291353015866,0,0,0,0
2019-11-26,0.21955703874654287,0,0,0,0
2019-11-27,0.4174424362754614,0,0,0,0
2019-11-29,-0.4011219709926239,0,0,0,0
2019-12-02,-0.8631020716408422,0,0,0,0
2019-12-03,-0.663809511563529,0,0,0,0
2019-12-04,0.632356747139462,0,0,0,0
2019-12-05,0.15002511791302187,0,0,0,0
2019-12-06,0.9135724328457329,0,0,0,0
2019-12-09,-0.316282139344648,0,0,0,0
2019-12-10,-0.10969340964486207,0,0,0,0
2019-12-11,0.2908158040315856,0,0,0,0
2019-12-12,0.8575225775086182,0,0,0,0
2019-12-13,0.007258178414493166,0,0,0,0
2019-12-16,0.7147785279833618,0,0,0,0
2019-12-17,0.033529222633799094,0,0,0,0
2019-12-18,-0.043230017186479675,0,0,0,0
2019-12-19,0.4459292004863613,0,0,0,0
2019-12-20,0.4944781081796634,0,0,0,0
2019-12-23,0.08661436002121992,0,0,0,0
2019-12-24,-0.019544819997963092,0,0,0,0
2019-12-26,0.5128166675301138,0,0,0,0
2019-12-27,0.003398471712534601,0,0,0,0
2019-12-30,-0.5780822450430323,0,0,0,0
2019-12-31,0.2946021661910603,0,0,0,0
2020-01-02,0.8378802677341701,0,0,0,0
2020-01-03,-0.7059870562045378,0,0,0,0
2020-01-06,0.35333728907271933,0,0,0,0
2020-01-07,-0.2803238652896223,0,0,0,0
2020-01-08,0.49024513689781557,0,0,0,0
2020-01-09,0.6655262605488987,0,0,0,0
2020-01-10,-0.2855178689662563,0,0,0,0
2020-01-13,0.6976215252569862,0,0,0,0
2020-01-14,-0.1514532772802224,0,0,0,0
2020-01-15,0.18701968845122874,0,0,0,0
2020-01-16,0.8366553026468271,0,0,0,0
2020-01-17,0.3862162248501333,0,0,0,0
2020-01-21,-0.26519776473655776,0,0,0,0
2020-01-22,0.02890760711180551,0,0,0,0
2020-01-23,0.11409766124783616,0,0,0,0
2020-01-24,-0.9042160974207403,0,0,0,0
2020-01-27,-1.5730711659182384,0,0,0,0
2020-01-28,1.0053584595046017,0,0,0,0
2020-01-29,-0.08668741908683941,0,0,0,0
2020-01-30,0.3134358792605374,0,0,0,0
2020-01-31,-1.770582037552626,0,0,0,0
2020-02-03,0.7254613892351713,0,0,0,0
2020-02-04,1.4980414164082134,0,0,0,0
2020-02-05,1.125059589785371,0,0,0,0
2020-02-06,0.3325672876785646,0,0,0,0
2020-02-07,-0.5400853672730133,0,0,0,0
2020-02-10,0.7326397804890528,0,0,0,0
2020-02-11,0.16884725532351208,0,0,0,0
2020-02-12,0.6462646466197652,0,0,0,0
2020-02-13,-0.16304457368023773,0,0,0,0
2020-02-14,0.18435333204338544,0,0,0,0
2020-02-18,-0.2919942636890105,0,0,0,0
2020-02-19,0.4705785881164548,0,0,0,0
2020-02-20,-0.381551976362815,0,0,0,0
2020-02-21,-1.051810302712286,0,0,0,0
2020-02-24,-3.351362667122315,0,0,1,1
2020-02-25,-3.0279995565056117,0,0,0,0
2020-02-26,-0.37785406053220116,0,0,0,0
2020-02-27,-4.416324258407911,1,0,1,2
2020-02-28,-0.8238340444361891,0,0,0,0
2020-03-02,4.603922900611002,1,0,1,2
2020-03-03,-2.8107896121075893,0,0,0,0
2020-03-04,4.220259077449118,0,0,1,1
2020-03-05,-3.3922077046888544,0,0,1,1
2020-03-06,-1.7053852000370129,0,0,0,0
2020-03-09,-7.5969697477450975,1,1,1,3
2020-03-10,4.939630628156144,1,0,1,2
2020-03-11,-4.886844513127397,1,1,1,3
2020-03-12,-9.511268097833659,1,1,1,3
2020-03-13,9.287124972971839,1,1,1,3
2020-03-16,-11.984055240393443,1,1,1,3
2020-03-17,5.995484974402432,1,1,1,3
2020-03-18,-5.1830762729157875,1,1,1,3
2020-03-19,0.47078080405855705,0,1,0,1
2020-03-20,-4.335951230846192,1,1,1,3
2020-03-23,-2.929386782180443,0,1,0,1
2020-03-24,9.382773976227554,1,1,1,3
2020-03-25,1.1535011448222,0,1,0,1
2020-03-26,6.2414163303876835,1,1,1,3
2020-03-27,-3.3687352562252526,0,1,1,2
2020-03-30,3.351600948370015,0,1,1,2
2020-03-31,-1.6012721914555605,0,1,0,1
2020-04-01,-4.414243033166542,1,1,1,3
2020-04-02,2.282934723487151,0,1,0,1
2020-04-03,-1.5137125124949469,0,1,0,1
2020-04-06,7.033131865275055,1,1,1,3
2020-04-07,-0.16030527844311804,0,1,0,1
2020-04-08,3.405645287963033,0,1,1,2
2020-04-09,1.4487410153376512,0,1,0,1
2020-04-13,-1.0104660822607414,0,1,0,1
2020-04-14,3.0572589146256046,0,1,0,1
2020-04-15,-2.2030438529415775,0,1,0,1
2020-04-16,0.5816689462164515,0,1,0,1
2020-04-17,2.679359484822341,0,1,0,1
2020-04-20,-1.788104803401469,0,1,0,1
2020-04-21,-3.0674795694063395,0,1,1,2
2020-04-22,2.2930247703843776,0,1,0,1
2020-04-23,-0.053942211974311594,0,1,0,1
2020-04-24,1.3918057304545428,0,1,0,1
2020-04-27,1.4714069804799612,0,1,0,1
2020-04-28,-0.5242380698498916,0,1,0,1
2020-04-29,2.6583916282167053,0,1,0,1
2020-04-30,-0.9212446303987654,0,1,0,1
2020-05-01,-2.8059034078492195,0,1,0,1
2020-05-04,0.42498275919764517,0,1,0,1
2020-05-05,0.9040556385797371,0,1,0,1
2020-05-06,-0.6979410390386298,0,1,0,1
2020-05-07,1.1504630788313985,0,1,0,1
2020-05-08,1.6871538638701944,0,0,0,0
2020-05-11,0.013307822091168653,0,0,0,0
2020-05-12,-2.0500317528877154,0,0,0,0
2020-05-13,-1.7462724604228042,0,1,0,1
2020-05-14,1.152482269503552,0,1,0,1
2020-05-15,0.39263632504382695,0,1,0,1
2020-05-18,3.1501191631680747,0,0,0,0
2020-05-19,-1.0484399194493177,0,1,0,1
2020-05-20,1.665110025908012,0,0,0,0
2020-05-21,-0.7773596407737116,0,1,0,1
2020-05-22,0.2353711326488428,0,0,0,0
2020-05-26,1.2289184036080147,0,0,0,0
2020-05-27,1.4827297215913804,0,0,0,0
2020-05-28,-0.21079145460738413,0,0,0,0
2020-05-29,0.48123358249714254,0,0,0,0
2020-06-01,0.3751234813537785,0,0,0,0
2020-06-02,0.8210832780053412,0,0,0,0
2020-06-03,1.3648979133831007,0,0,0,0
2020-06-04,-0.33687022311144066,0,0,0,0
2020-06-05,2.6211650818398713,0,0,0,0
2020-06-08,1.2041579421169235,0,0,0,0
2020-06-09,-0.7799170822611612,0,0,0,0
2020-06-10,-0.5313091072437381,0,0,0,0
2020-06-11,-5.894405927443824,1,1,1,3
2020-06-12,1.3060843963234703,0,1,0,1
2020-06-15,0.8312217041285264,0,0,0,0
2020-06-16,1.896239819380252,0,0,0,0
2020-06-17,-0.3600299556174025,0,0,0,0
2020-06-18,0.05942198825281686,0,0,0,0
2020-06-19,-0.5649494809462974,0,0,0,0
2020-06-22,0.6495095537691675,0,0,0,0
2020-06-23,0.4307419569164139,0,0,0,0
2020-06-24,-2.585514593906457,0,1,0,1
2020-06-25,1.095944726780984,0,0,0,0
2020-06-26,-2.4226905044785974,0,1,0,1
2020-06-29,1.4685678433118632,0,1,0,1
2020-06-30,1.5409875731554612,0,0,0,0
2020-07-01,0.5022132820864389,0,0,0,0
2020-07-02,0.45412508443640753,0,1,0,1
2020-07-06,1.588172586745884,0,0,0,0
2020-07-07,-1.0818532028197159,0,0,0,0
2020-07-08,0.7827461915415501,0,0,0,0
2020-07-09,-0.5643606159361103,0,0,0,0
2020-07-10,1.046620127324438,0,0,0,0
2020-07-13,-0.9362541127788226,0,1,0,1
2020-07-14,1.3406370782667931,0,0,0,0
2020-07-15,0.9082050740923053,0,0,0,0
2020-07-16,-0.34061012455366413,0,0,0,0
2020-07-17,0.2848612194617406,0,0,0,0
2020-07-20,0.84069387471426,0,0,0,0
2020-07-21,0.16790373419135474,0,0,0,0
2020-07-22,0.5747082068739751,0,0,0,0
2020-07-23,-1.2319859824193036,0,0,0,0
2020-07-24,-0.6190400054688405,0,0,0,0
2020-07-27,0.7395138795039502,0,0,0,0
2020-07-28,-0.6473392152297919,0,0,0,0
2020-07-29,1.242838167815008,0,0,0,0
2020-07-30,-0.3750251937389204,0,0,0,0
2020-07-31,0.7670504990141325,0,0,0,0
2020-08-03,0.718102343932614,0,0,0,0
2020-08-04,0.36119303819721615,0,0,0,0
2020-08-05,0.6429743053199433,0,0,0,0
2020-08-06,0.642769555966427,0,0,0,0
2020-08-07,0.06330295486443038,0,0,0,0
2020-08-10,0.2742218294476073,0,0,0,0
2020-08-11,-0.7969132154236114,0,0,0,0
2020-08-12,1.3996549490237653,0,0,0,0
2020-08-13,-0.2047174350497949,0,0,0,0
2020-08-14,-0.017188262276812694,0,0,0,0
2020-08-17,0.2709842511078753,0,0,0,0
2020-08-18,0.2303389154016955,0,0,0,0
2020-08-19,-0.44043954214108005,0,0,0,0
2020-08-20,0.31586327691348615,0,0,0,0
2020-08-21,0.34411070444764214,0,0,0,0
2020-08-24,1.0043718303008653,0,0,0,0
2020-08-25,0.35963511532906,0,0,0,0
2020-08-26,1.0195626139483993,0,0,0,0
2020-08-27,0.16730440109038458,0,0,0,0
2020-08-28,0.673256535528588,0,0,0,0
2020-08-31,-0.21949627140287475,0,0,0,0
2020-09-01,0.7525003016613407,0,0,0,0
2020-09-02,1.5365910154807594,0,0,0,0
2020-09-03,-3.512584371534122,0,0,1,1
2020-09-04,-0.8133027264274895,0,0,0,0
2020-09-08,-2.7756342102361,0,0,0,0
2020-09-09,2.014498633677464,0,0,0,0
2020-09-10,-1.758479659017942,0,0,0,0
2020-09-11,0.053307219059406385,0,0,0,0
2020-09-14,1.2741829089357504,0,0,0,0
2020-09-15,0.5219359577689042,0,0,0,0
2020-09-16,-0.4618946596211537,0,0,0,0
2020-09-17,-0.8412365876402483,0,0,0,0
2020-09-18,-1.1182581807410497,0,0,0,0
2020-09-21,-1.1571097930805796,0,0,0,0
2020-09-22,1.0517945160813724,0,0,0,0
2020-09-23,-2.3721455093028143,0,0,0,0
2020-09-24,0.29874591429570607,0,0,0,0
2020-09-25,1.59767237756141,0,0,0,0
2020-09-28,1.6110590199083896,0,0,0,0
2020-09-29,-0.48126645432444715,0,0,0,0
2020-09-30,0.8253718228220741,0,0,0,0
2020-10-01,0.5292907769290922,0,0,0,0
2020-10-02,-0.9577652178616392,0,0,0,0
2020-10-05,1.797270867614209,0,0,0,0
2020-10-06,-1.3973515692226712,0,0,0,0
2020-10-07,1.739675486921799,0,0,0,0
2020-10-08,0.8010123642494982,0,0,0,0
2020-10-09,0.879353312061526,0,0,0,0
2020-10-12,1.641581296364758,0,0,0,0
2020-10-13,-0.6306918994084421,0,0,0,0
2020-10-14,-0.6623141753502759,0,0,0,0
2020-10-15,-0.15277553060997207,0,0,0,0
2020-10-16,0.013491955745537076,0,0,0,0
2020-10-19,-1.6329861778318078,0,0,0,0
2020-10-20,0.4727334073110212,0,0,0,0
2020-10-21,-0.21956999281005363,0,0,0,0
2020-10-22,0.5218925396392127,0,0,0,0
2020-10-23,0.3445761353703114,0,0,0,0
2020-10-26,-1.8589516294535646,0,0,0,0
2020-10-27,-0.30256189119989285,0,0,0,0
2020-10-28,-3.5287878760604796,0,0,1,1
2020-10-29,1.1947330894238384,0,0,0,0
2020-10-30,-1.2129550130175693,0,0,0,0
2020-11-02,1.231820260127181,0,0,0,0
2020-11-03,1.779929009643455,0,0,0,0
2020-11-04,2.204704770168342,0,0,0,0
2020-11-05,1.9460194138962938,0,0,0,0
2020-11-06,-0.028771518741854685,0,0,0,0
2020-11-09,1.169988923568721,0,0,0,0
2020-11-10,-0.13997945931910616,0,0,0,0
2020-11-11,0.7651855318760337,0,0,0,0
2020-11-12,-0.9978532303877019,0,0,0,0
2020-11-13,1.3610335409063534,0,0,0,0
2020-11-16,1.1648051240012336,0,0,0,0
2020-11-17,-0.4791925698091615,0,0,0,0
2020-11-18,-1.1563829610944043,0,0,0,0
2020-11-19,0.3946442467421596,0,0,0,0
2020-11-20,-0.6792562915180156,0,0,0,0
2020-11-23,0.5635930617216234,0,0,0,0
2020-11-24,1.6161668273416252,0,0,0,0
2020-11-25,-0.1584418237524976,0,0,0,0
2020-11-27,0.2396979198154181,0,0,0,0
2020-11-30,-0.45955486401709766,0,0,0,0
2020-12-01,1.1271187194776155,0,0,0,0
2020-12-02,0.17911667548251575,0,0,0,0
2020-12-03,-0.062415721309150296,0,0,0,0
2020-12-04,0.8836275129611826,0,0,0,0
2020-12-07,-0.19356376714373402,0,0,0,0
2020-12-08,0.2787148065356293,0,0,0,0
2020-12-09,-0.7949201604598555,0,0,0,0
2020-12-10,-0.12851080682624305,0,0,0,0
2020-12-11,-0.12649972997506032,0,0,0,0
2020-12-14,-0.4359258971957769,0,0,0,0
2020-12-15,1.2921249154708825,0,0,0,0
2020-12-16,0.17727951669590514,0,0,0,0
2020-12-17,0.5757654753379748,0,0,0,0
2020-12-18,-0.3511118509152866,0,0,0,0
2020-12-21,-0.39062790518439305,0,0,0,0
2020-12-22,-0.2073092860288006,0,0,0,0
2020-12-23,0.0745811250824957,0,0,0,0
2020-12-24,0.35365890047962534,0,0,0,0
2020-12-28,0.8722529021144565,0,0,0,0
2020-12-29,-0.222738052560012,0,0,0,0
2020-12-30,0.13415471654707467,0,0,0,0
2020-12-31,0.6438845522919845,0,0,0,0
2021-01-04,-1.4754827521051062,0,0,0,0
2021-01-05,0.7082595157549276,0,0,0,0
2021-01-06,0.5709842747752214,0,0,0,0
2021-01-07,1.4847403800101189,0,0,0,0
2021-01-08,0.5491862685268911,0,0,0,0
2021-01-11,-0.6554750898592476,0,0,0,0
2021-01-12,0.04157884466327033,0,0,0,0
2021-01-13,0.22756417379066196,0,0,0,0
2021-01-14,-0.37534511943366766,0,0,0,0
2021-01-15,-0.7190027975370938,0,0,0,0
2021-01-19,0.8136379515524483,0,0,0,0
2021-01-20,1.3935625421946263,0,0,0,0
2021-01-21,0.03167233075522802,0,0,0,0
2021-01-22,-0.30106116552376383,0,0,0,0
2021-01-25,0.36158389430824833,0,0,0,0
2021-01-26,-0.14888337468982327,0,0,0,0
2021-01-27,-2.5677883699462,0,0,0,0
2021-01-28,0.9760625975629766,0,0,0,0
2021-01-29,-1.9311475173124593,0,0,0,0
2021-02-01,1.6051767614439383,0,0,0,0
2021-02-02,1.3898223484416938,0,0,0,0
2021-02-03,0.10087690809532646,0,0,0,0
2021-02-04,1.0853322230420792,0,0,0,0
2021-02-05,0.3897495164625342,0,0,0,0
2021-02-08,0.7399348360373592,0,0,0,0
2021-02-09,-0.11135249921484514,0,0,0,0
2021-02-10,-0.03451849323593548,0,0,0,0
2021-02-11,0.16624551635393559,0,0,0,0
2021-02-12,0.47110331133788375,0,0,0,0
2021-02-16,-0.056927241835114106,0,0,0,0
2021-02-17,-0.03204020092266724,0,0,0,0
2021-02-18,-0.4415835627354592,0,0,0,0
2021-02-19,-0.18548966445751658,0,0,0,0
2021-02-22,-0.773283945815384,0,0,0,0
2021-02-23,0.12563181187927874,0,0,0,0
2021-02-24,1.135161376597904,0,0,0,0
2021-02-25,-2.447880752512621,0,0,0,0
2021-02-26,-0.47502141699028444,0,0,0,0
2021-03-01,2.3790763506800205,0,0,0,0
2021-03-02,-0.8080851690870694,0,0,0,0
2021-03-03,-1.306622187199813,0,0,0,0
2021-03-04,-1.3417213930100202,0,0,0,0
2021-03-05,1.949596819778221,0,0,0,0
2021-03-08,-0.5359231030161227,0,0,0,0
2021-03-09,1.415464230382213,0,0,0,0
2021-03-10,0.6030313342701321,0,0,0,0
2021-03-11,1.0395487004435822,0,0,0,0
2021-03-12,0.10153984958789497,0,0,0,0
2021-03-15,0.6491921301497117,0,0,0,0
2021-03-16,-0.15696837343783798,0,0,0,0
2021-03-17,0.287938213053085,0,0,0,0
2021-03-18,-1.4760539319459198,0,0,0,0
2021-03-19,-0.060270397470363335,0,0,0,0
2021-03-22,0.7025118077311765,0,0,0,0
2021-03-23,-0.7630854183940605,0,0,0,0
2021-03-24,-0.546733601831495,0,0,0,0
2021-03-25,0.5240265846959469,0,0,0,0
2021-03-26,1.6631202604519668,0,0,0,0
2021-03-29,-0.08680126852336212,0,0,0,0
2021-03-30,-0.31578329337678124,0,0,0,0
2021-03-31,0.36224990395776757,0,0,0,0
2021-04-01,1.1825201774944727,0,0,0,0
2021-04-05,1.4438226417743616,0,0,0,0
2021-04-06,-0.09735307519511682,0,0,0,0
2021-04-07,0.1475232784985625,0,0,0,0
2021-04-08,0.42206328286402695,0,0,0,0
2021-04-09,0.7719934348738189,0,0,0,0
2021-04-12,-0.019607884876882142,0,0,0,0
2021-04-13,0.32944868090414303,0,0,0,0
2021-04-14,-0.40877267278285334,0,0,0,0
2021-04-15,1.109419052516647,0,0,0,0
2021-04-16,0.36088195555097347,0,0,0,0
2021-04-19,-0.5306560094486046,0,0,0,0
2021-04-20,-0.6802319771775922,0,0,0,0
2021-04-21,0.9306055472153574,0,0,0,0
2021-04-22,-0.9210657476561801,0,0,0,0
2021-04-23,1.0928696540176919,0,0,0,0
2021-04-26,0.1782270924804541,0,0,0,0
2021-04-27,-0.021489588801437698,0,0,0,0
2021-04-28,-0.08455399168898481,0,0,0,0
2021-04-29,0.6762806734045723,0,0,0,0
2021-04-30,-0.7194706699326425,0,0,0,0
2021-05-03,0.2748090747253684,0,0,0,0
2021-05-04,-0.6678337608227225,0,0,0,0
2021-05-05,0.07034637617677753,0,0,0,0
2021-05-06,0.8165456466051824,0,0,0,0
2021-05-07,0.7373341616968343,0,0,0,0
2021-05-10,-1.0435647322188157,0,0,0,0
2021-05-11,-0.867391280271812,0,0,0,0
2021-05-12,-2.144940066450274,0,0,0,0
2021-05-13,1.2173141406923493,0,0,0,0
2021-05-14,1.4917956876899785,0,0,0,0
2021-05-17,-0.25300521932207776,0,0,0,0
2021-05-18,-0.8517292959364653,0,0,0,0
2021-05-19,-0.2943411456817757,0,0,0,0
2021-05-20,1.0554741756143349,0,0,0,0
2021-05-21,-0.07838806801412357,0,0,0,0
2021-05-24,0.9911292190138532,0,0,0,0
2021-05-25,-0.21252837802967495,0,0,0,0
2021-05-26,0.18768165702687245,0,0,0,0
2021-05-27,0.11653145418315525,0,0,0,0
2021-05-28,0.07688818911402162,0,0,0,0
2021-06-01,-0.04923335226864056,0,0,0,0
2021-06-02,0.14469348384307246,0,0,0,0
2021-06-03,-0.36287033416374515,0,0,0,0
2021-06-04,0.8834095710505974,0,0,0,0
2021-06-07,-0.07967387044511831,0,0,0,0
2021-06-08,0.01750248645058239,0,0,0,0
2021-06-09,-0.18238673194856947,0,0,0,0
2021-06-10,0.46522430122621916,0,0,0,0
2021-06-11,0.19484346695590737,0,0,0,0
2021-06-14,0.18152018730952513,0,0,0,0
2021-06-15,-0.20116937805257917,0,0,0,0
2021-06-16,-0.5390124612855707,0,0,0,0
2021-06-17,-0.043571559205179966,0,0,0,0
2021-06-18,-1.3124468779900589,0,0,0,0
2021-06-21,1.4002289962720793,0,0,0,0
2021-06-22,0.5124491902218642,0,0,0,0
2021-06-23,-0.10832833431588806,0,0,0,0
2021-06-24,0.5811249724885448,0,0,0,0
2021-06-25,0.33305973193167304,0,0,0,0
2021-06-28,0.23149642620619026,0,0,0,0
2021-06-29,0.027733619326086867,0,0,0,0
2021-06-30,0.1328159646746485,0,0,0,0
2021-07-01,0.522162685427574,0,0,0,0
2021-07-02,0.7500081663913916,0,0,0,0
2021-07-06,-0.20218560598241897,0,0,0,0
2021-07-07,0.3358975310182588,0,0,0,0
2021-07-08,-0.8561024934316985,0,0,0,0
2021-07-09,1.1277947808795874,0,0,0,0
2021-07-12,0.34511743312370946,0,0,0,0
2021-07-13,-0.3516812658565627,0,0,0,0
2021-07-14,0.11649345752446916,0,0,0,0
2021-07-15,-0.32622408541723713,0,0,0,0
2021-07-16,-0.7538854211077806,0,0,0,0
2021-07-19,-1.5869512427409305,0,0,0,0
2021-07-20,1.5162609437855634,0,0,0,0
2021-07-21,0.8241819990835397,0,0,0,0
2021-07-22,0.20166699583279435,0,0,0,0
2021-07-23,1.0145452020822843,0,0,0,0
2021-07-26,0.23821998626283314,0,0,0,0
2021-07-27,-0.47124448070912095,0,0,0,0
2021-07-28,-0.01862618826539153,0,0,0,0
2021-07-29,0.42061529800074826,0,0,0,0
2021-07-30,-0.540604805147693,0,0,0,0
2021-08-02,-0.1842805614891363,0,0,0,0
2021-08-03,0.82034265474622,0,0,0,0
2021-08-04,-0.4632387901412294,0,0,0,0
2021-08-05,0.6005446813494242,0,0,0,0
2021-08-06,0.1675266241764728,0,0,0,0
2021-08-09,-0.09399082741974318,0,0,0,0
2021-08-10,0.09926793341701323,0,0,0,0
2021-08-11,0.12757437876824707,0,0,0,0
2021-08-12,0.4146380281677686,0,0,0,0
2021-08-13,0.1607306655808216,0,0,0,0
2021-08-16,0.2620850702215849,0,0,0,0
2021-08-17,-0.706069881494753,0,0,0,0
2021-08-18,-1.0748470745585936,0,0,0,0
2021-08-19,0.12566922329095842,0,0,0,0
2021-08-20,0.8141567655737925,0,0,0,0
2021-08-23,0.8523790364248329,0,0,0,0
2021-08-24,0.14957363013194946,0,0,0,0
2021-08-25,0.2220118224179668,0,0,0,0
2021-08-26,-0.5824918819612557,0,0,0,0
2021-08-27,0.8807632480425154,0,0,0,0
2021-08-30,0.4306570844779589,0,0,0,0
2021-08-31,-0.13491160395050494,0,0,0,0
2021-09-01,0.03116886257619189,0,0,0,0
2021-09-02,0.2842638410522902,0,0,0,0
2021-09-03,-0.03350311257153127,0,0,0,0
2021-09-07,-0.3395574405981705,0,0,0,0
2021-09-08,-0.1318566739775151,0,1,0,1
2021-09-09,-0.4605608657393345,0,0,0,0
2021-09-10,-0.7722578759925436,0,0,0,0
2021-09-13,0.22764876184568905,0,0,0,0
2021-09-14,-0.574663850657553,0,0,0,0
2021-09-15,0.8473996979569742,0,0,0,0
2021-09-16,-0.15511404489350067,0,0,0,0
2021-09-17,-0.9110872450405094,0,0,0,0
2021-09-20,-1.697731100841482,0,0,0,0
2021-09-21,-0.08123585165593639,0,0,0,0
2021-09-22,0.9519611195260236,0,0,0,0
2021-09-23,1.2134715784494876,0,1,0,1
2021-09-24,0.1461009046688222,0,1,0,1
2021-09-27,-0.27763826213396126,0,0,0,0
2021-09-28,-2.0364110556098214,0,0,0,0
2021-09-29,0.15691842194003325,0,0,0,0
2021-09-30,-1.1909714125195148,0,0,0,0
2021-10-01,1.149147763018199,0,0,0,0
2021-10-04,-1.2985898136748442,0,0,0,0
2021-10-05,1.0524514660609219,0,0,0,0
2021-10-06,0.41027928541854664,0,0,0,0
2021-10-07,0.8298280656405366,0,0,0,0
2021-10-08,-0.19137230947889883,0,0,0,0
2021-10-11,-0.6865763848056816,0,0,0,0
2021-10-12,-0.24167805585421087,0,0,0,0
2021-10-13,0.302251448379387,0,0,0,0
2021-10-14,1.7063101945583359,0,0,0,0
2021-10-15,0.7460210377712606,0,0,0,0
2021-10-18,0.337476955709759,0,0,0,0
2021-10-19,0.7393339551406308,0,1,0,1
2021-10-20,0.36640298040166996,0,1,0,1
2021-10-21,0.2995871849622578,0,1,0,1
2021-10-22,-0.10725536274130976,0,1,0,1
2021-10-25,0.4748196569493546,0,1,0,1
2021-10-26,0.18197952535197182,0,1,0,1
2021-10-27,-0.5051568068462853,0,1,0,1
2021-10-28,0.9829281576461124,0,1,0,1
2021-10-29,0.1949334719149265,0,1,0,1
2021-11-01,0.18000771431341267,0,1,0,1
2021-11-02,0.36803630854131963,0,1,0,1
2021-11-03,0.6461279195357994,0,1,0,1
2021-11-04,0.4181942361150437,0,1,0,1
2021-11-05,0.3732799652949259,0,1,0,1
2021-11-08,0.08877879113036169,0,1,0,1
2021-11-09,-0.3498775895770745,0,1,0,1
2021-11-10,-0.8225823395229703,0,1,0,1
2021-11-11,0.05509400447352153,0,1,0,1
2021-11-12,0.7222656026415475,0,1,0,1
2021-11-15,-0.0010739820344718431,0,1,0,1
2021-11-16,0.3865229864862485,0,1,0,1
2021-11-17,-0.2601625374463401,0,1,0,1
2021-11-18,0.33847802152713324,0,1,0,1
2021-11-19,-0.1398665559303236,0,1,0,1
2021-11-22,-0.31971365563219223,0,1,0,1
2021-11-23,0.1657132912945114,0,1,0,1
2021-11-24,0.22938506357221833,0,1,0,1
2021-11-26,-2.2724822637582465,0,0,0,0
2021-11-29,1.3200199537034996,0,0,0,0
2021-11-30,-1.896131033450521,0,0,0,0
2021-12-01,-1.1815187417889228,0,0,0,0
2021-12-02,1.419443613158311,0,0,0,0
2021-12-03,-0.8448563730297565,0,0,0,0
2021-12-06,1.1730872577451423,0,0,0,0
2021-12-07,2.0707080374404274,0,0,0,0
2021-12-08,0.30852853123166657,0,0,0,0
2021-12-09,-0.7181080169894716,0,0,0,0
2021-12-10,0.9549073338481762,0,0,0,0
2021-12-13,-0.9136167611567658,0,0,0,0
2021-12-14,-0.7470677577436025,0,0,0,0
2021-12-15,1.6348464630746795,0,0,0,0
2021-12-16,-0.8743415379980468,0,0,0,0
2021-12-17,-1.0287680637092622,0,0,0,0
2021-12-20,-1.138805785140995,0,0,0,0
2021-12-21,1.7777934551572505,0,0,0,0
2021-12-22,1.0180197220578835,0,0,0,0
2021-12-23,0.6223699921661829,0,0,0,0
2021-12-27,1.383893524747526,0,1,0,1
2021-12-28,-0.10101548486260992,0,1,0,1
2021-12-29,0.14018951394270118,0,1,0,1
2021-12-30,-0.29897555945093135,0,1,0,1
2021-12-31,-0.2626179913657545,0,1,0,1
2022-01-03,0.6374052530970564,0,1,0,1
2022-01-04,-0.0629621957060511,0,1,0,1
2022-01-05,-1.9392757790687165,0,1,0,1
2022-01-06,-0.09637690162076495,0,1,0,1
2022-01-07,-0.4050216740091761,0,1,0,1
2022-01-10,-0.14410312534549607,0,1,0,1
2022-01-11,0.9159984668711818,0,1,0,1
2022-01-12,0.2817754443029452,0,1,0,1
2022-01-13,-1.42436152864307,0,1,0,1
2022-01-14,0.08199802697488323,0,1,0,1
2022-01-18,-1.8387945694007368,0,1,0,1
2022-01-19,-0.9689541868338813,0,0,0,0
2022-01-20,-1.103737849414832,0,0,0,0
2022-01-21,-1.8914821867908604,0,0,0,0
2022-01-24,0.2771738943381896,0,0,0,0
2022-01-25,-1.2171906253646725,0,0,0,0
2022-01-26,-0.1496635847751837,0,0,0,0
2022-01-27,-0.538408875771057,0,0,0,0
2022-01-28,2.4347646888076113,0,0,0,0
2022-01-31,1.8885951732779516,0,0,0,0
2022-02-01,0.686300355780145,0,0,0,0
2022-02-02,0.942251544733641,0,0,0,0
2022-02-03,-2.4391082077444004,0,0,0,0
2022-02-04,0.5156929864423399,0,0,0,0
2022-02-07,-0.37017126347429485,0,0,0,0
2022-02-08,0.8401207191663262,0,0,0,0
2022-02-09,1.4517207887505545,0,0,0,0
2022-02-10,-1.811572566845976,0,0,0,0
2022-02-11,-1.896945434456343,0,0,0,0
2022-02-14,-0.38405967262932217,0,0,0,0
2022-02-15,1.5766721170720421,0,0,0,0
2022-02-16,0.08812077558950637,0,0,0,0
2022-02-17,-2.1173138152195015,0,0,0,0
2022-02-18,-0.71661613961429,0,0,0,0
2022-02-22,-1.0142945264832837,0,0,0,0
2022-02-23,-1.8412122845487655,0,0,0,0
2022-02-24,1.4956856067329216,0,0,0,0
2022-02-25,2.237267765560347,0,0,0,0
2022-02-28,-0.24426034406476171,0,0,0,0
2022-03-01,-1.5473503680411893,0,0,0,0
2022-03-02,1.8642691757321028,0,0,0,0
2022-03-03,-0.5254666430088317,0,0,0,0
2022-03-04,-0.7934042550334475,0,0,0,0
2022-03-07,-2.951815831344917,0,0,0,0
2022-03-08,-0.723375351819977,0,0,0,0
2022-03-09,2.569824789143582,0,0,0,0
2022-03-10,-0.4291813651667864,0,0,0,0
2022-03-11,-1.2961545123475138,0,0,0,0
2022-03-14,-0.7421002465963666,0,0,0,0
2022-03-15,2.140857417087094,0,0,0,0
2022-03-16,2.238376135718223,0,0,0,0
2022-03-17,1.234781757145198,0,0,0,0
2022-03-18,1.1662294827948783,0,0,0,0
2022-03-21,-0.043466036210393355,0,0,0,0
2022-03-22,1.13041136006502,0,1,0,1
2022-03-23,-1.2272698789159042,0,0,0,0
2022-03-24,1.434391292056647,0,1,0,1
2022-03-25,0.5066170567449069,0,1,0,1
2022-03-28,0.7144955276586762,0,1,0,1
2022-03-29,1.2256547427530462,0,1,0,1
2022-03-30,-0.629370017469788,0,1,0,1
2022-03-31,-1.5652540713177343,0,0,0,0
2022-04-01,0.34102225843584133,0,0,0,0
2022-04-04,0.8090938687879357,0,0,0,0
2022-04-05,-1.2551720801807331,0,0,0,0
2022-04-06,-0.9716916613271898,0,0,0,0
2022-04-07,0.4253385628492534,0,0,0,0
2022-04-08,-0.2651026482054286,0,0,0,0
2022-04-11,-1.687729010355421,0,0,0,0
2022-04-12,-0.3417447717741773,0,0,0,0
2022-04-13,1.1174577597236057,0,0,0,0
2022-04-14,-1.214413784439794,0,0,0,0
2022-04-18,-0.02048682840329885,0,0,0,0
2022-04-19,1.6057604355527166,0,0,0,0
2022-04-20,-0.06184750715809706,0,0,0,0
2022-04-21,-1.4752948498371943,0,0,0,0
2022-04-22,-2.7740054250753654,0,0,0,0
2022-04-25,0.5697936985382235,0,0,0,0
2022-04-26,-2.8146308431003852,0,0,0,0
2022-04-27,0.20980468517017847,0,0,0,0
2022-04-28,2.474690007293945,0,0,0,0
2022-04-29,-3.6284507106413955,0,0,1,1
2022-05-02,0.5675242812353654,0,0,0,0
2022-05-03,0.48371263814863674,0,0,0,0
2022-05-04,2.986242108440229,0,0,0,0
2022-05-05,-3.5649708609806985,0,0,1,1
2022-05-06,-0.5674224842484032,0,0,0,0
2022-05-09,-3.2037100632356763,0,0,1,1
2022-05-10,0.24578974498534745,0,0,0,0
2022-05-11,-1.646320750393837,0,0,0,0
2022-05-12,-0.12959645058717717,0,0,0,0
2022-05-13,2.386969542307149,0,0,0,0
2022-05-16,-0.3946400929555671,0,0,0,0
2022-05-17,2.0169632234863677,0,0,0,0
2022-05-18,-4.03952607874526,0,0,1,1
2022-05-19,-0.5833781800992588,0,0,0,0
2022-05-20,0.014614176965843662,0,0,0,0
2022-05-23,1.8555039930923556,0,0,0,0
2022-05-24,-0.8120797617175213,0,0,0,0
2022-05-25,0.9450764734207695,0,0,0,0
2022-05-26,1.9883256167224195,0,0,0,0
2022-05-27,2.474226295510973,0,0,0,0
2022-05-31,-0.6274368617659065,0,0,0,0
2022-06-01,-0.7482768681131846,0,0,0,0
2022-06-02,1.8431018038486124,0,0,0,0
2022-06-03,-1.6347313992415624,0,0,0,0
2022-06-06,0.3137400778913113,0,0,0,0
2022-06-07,0.9523393173235029,0,0,0,0
2022-06-08,-1.0793945785935621,0,0,0,0
2022-06-09,-2.379869397635359,0,0,0,0
2022-06-10,-2.9110303335524668,0,1,0,1
2022-06-13,-3.8768430665237275,0,1,1,2
2022-06-14,-0.37736797459957394,0,1,0,1
2022-06-15,1.4592504858983224,0,1,0,1
2022-06-16,-3.2511951488163437,0,1,1,2
2022-06-17,0.2200865698254617,0,1,0,1
2022-06-21,2.4477242280086964,0,1,0,1
2022-06-22,-0.13015723144006452,0,1,0,1
2022-06-23,0.9532217409177868,0,1,0,1
2022-06-24,3.056329358583576,0,1,0,1
2022-06-27,-0.2973071533776239,0,1,0,1
2022-06-28,-2.0143036075892073,0,1,0,1
2022-06-29,-0.07117454091590814,0,1,0,1
2022-06-30,-0.8759278267998716,0,1,0,1
2022-07-01,1.0553814029047315,0,1,0,1
2022-07-05,0.15841285142366157,0,1,0,1
2022-07-06,0.35731642904301975,0,1,0,1
2022-07-07,1.4964587965241805,0,1,0,1
2022-07-08,-0.0830271529819071,0,1,0,1
2022-07-11,-1.1527461422777274,0,1,0,1
2022-07-12,-0.9243878717321574,0,1,0,1
2022-07-13,-0.44569025122100925,0,1,0,1
2022-07-14,-0.299863390215227,0,1,0,1
2022-07-15,1.9201249359436678,0,1,0,1
2022-07-18,-0.8363571580831342,0,1,0,1
2022-07-19,2.762829164595959,0,1,0,1
2022-07-20,0.5895806193263242,0,1,0,1
2022-07-21,0.986137270919718,0,1,0,1
2022-07-22,-0.9332466976346709,0,1,0,1
2022-07-25,0.13151670479691902,0,1,0,1
2022-07-26,-1.154320266205866,0,1,0,1
2022-07-27,2.6156273782937722,0,1,0,1
2022-07-28,1.2133338697180918,0,1,0,1
2022-07-29,1.4207760082581844,0,0,0,0
2022-08-01,-0.28230841271976725,0,0,0,0
2022-08-02,-0.6662395550704803,0,0,0,0
2022-08-03,1.5638477163140152,0,0,0,0
2022-08-04,-0.07773401640558397,0,0,0,0
2022-08-05,-0.16257460597355333,0,0,0,0
2022-08-08,-0.12375507238541195,0,0,0,0
2022-08-09,-0.4248692893594086,0,0,0,0
2022-08-10,2.1290637641290244,0,0,0,0
2022-08-11,-0.07054739583503,0,0,0,0
2022-08-12,1.7322368774566943,0,0,0,0
2022-08-15,0.39695418998517695,0,0,0,0
2022-08-16,0.18756797165810912,0,0,0,0
2022-08-17,-0.7237794954094601,0,0,0,0
2022-08-18,0.2269561170191503,0,0,0,0
2022-08-19,-1.2900001139847905,0,0,0,0
2022-08-22,-2.14000649197158,0,0,0,0
2022-08-23,-0.22378626777133093,0,0,0,0
2022-08-24,0.29161604463010526,0,0,0,0
2022-08-25,1.4091605518061545,0,0,0,0
2022-08-26,-3.3688058719518743,0,0,1,1
2022-08-29,-0.6666355799502699,0,0,0,0
2022-08-30,-1.1028155571448206,0,1,0,1
2022-08-31,-0.7817025105971265,0,1,0,1
2022-09-01,0.29962320243361873,0,1,0,1
2022-09-02,-1.0736500458081055,0,1,0,1
2022-09-06,-0.4095056983834944,0,1,0,1
2022-09-07,1.8341016392734,0,0,0,0
2022-09-08,0.6610721877456038,0,0,0,0
2022-09-09,1.5271449816332883,0,0,0,0
2022-09-12,1.05842727693497,0,0,0,0
2022-09-13,-4.32366134006168,1,1,1,3
2022-09-14,0.33870120853238816,0,0,0,0
2022-09-15,-1.1317739184353415,0,1,0,1
2022-09-16,-0.7182134089448455,0,1,0,1
2022-09-19,0.6857100716286535,0,0,0,0
2022-09-20,-1.1272103097361819,0,0,0,0
2022-09-21,-1.7116493600784488,0,1,0,1
2022-09-22,-0.8427580979689431,0,1,0,1
2022-09-23,-1.7232619015461026,0,0,0,0
2022-09-26,-1.0340526208282075,0,1,0,1
2022-09-27,-0.21203598092424114,0,1,0,1
2022-09-28,1.9672139926234733,0,1,0,1
2022-09-29,-2.1126437880238824,0,1,0,1
2022-09-30,-1.5066695771983274,0,1,0,1
2022-10-03,2.5883894952576147,0,1,0,1
2022-10-04,3.0583700679551518,0,0,0,0
2022-10-05,-0.2017948757084831,0,0,0,0
2022-10-06,-1.0245080846639998,0,1,0,1
2022-10-07,-2.8003617786773516,0,1,0,1
2022-10-10,-0.749246363390188,0,1,0,1
2022-10-11,-0.6519175777754405,0,1,0,1
2022-10-12,-0.3290773148014958,0,1,0,1
2022-10-13,2.596564246086497,0,1,0,1
2022-10-14,-2.366266361565439,0,1,0,1
2022-10-17,2.6480052302171098,0,1,0,1
2022-10-18,1.1427569666488724,0,1,0,1
2022-10-19,-0.6672097293450308,0,0,0,0
2022-10-20,-0.7950909706564868,0,0,0,0
2022-10-21,2.372481982226482,0,0,0,0
2022-10-24,1.1881976654619875,0,0,0,0
2022-10-25,1.6266654579669915,0,0,0,0
2022-10-26,-0.7387716072364547,0,0,0,0
2022-10-27,-0.6082610618211248,0,0,0,0
2022-10-28,2.46263778959277,0,0,0,0
2022-10-31,-0.745440410765752,0,0,0,0
2022-11-01,-0.4101230608784645,0,0,0,0
2022-11-02,-2.500198485734284,0,0,0,0
2022-11-03,-1.058599231542967,0,1,0,1
2022-11-04,1.3618724670070526,0,0,0,0
2022-11-07,0.9613981920559844,0,0,0,0
2022-11-08,0.5597892802462701,0,0,0,0
2022-11-09,-2.077788695478977,0,1,0,1
2022-11-10,5.543448436034493,1,0,1,2
2022-11-11,0.9240746788147902,0,0,0,0
2022-11-14,-0.8935777048800997,0,0,0,0
2022-11-15,0.8713116550319144,0,0,0,0
2022-11-16,-0.8252046497990273,0,0,0,0
2022-11-17,-0.30893228355314273,0,0,0,0
2022-11-18,0.47585819088147296,0,0,0,0
2022-11-21,-0.3883688698329779,0,0,0,0
2022-11-22,1.3579987927526016,0,0,0,0
2022-11-23,0.5914689147847652,0,0,0,0
2022-11-25,-0.02830441976333642,0,0,0,0
2022-11-28,-1.5444192913123267,0,0,0,0
2022-11-29,-0.15918653377758885,0,0,0,0
2022-11-30,3.0947872397389053,0,0,0,0
2022-12-01,-0.08676332180498347,0,0,0,0
2022-12-02,-0.1194660488065602,0,0,0,0
2022-12-05,-1.7894212283564803,0,0,0,0
2022-12-06,-1.4399194981406072,0,1,0,1
2022-12-07,-0.18623708845491027,0,1,0,1
2022-12-08,0.752178195750397,0,0,0,0
2022-12-09,-0.7349578247904498,0,1,0,1
2022-12-12,1.4279296218109305,0,1,0,1
2022-12-13,0.728966443879342,0,1,0,1
2022-12-14,-0.6052724634100337,0,1,0,1
2022-12-15,-2.4921675023714007,0,1,0,1
2022-12-16,-1.1137750774080746,0,1,0,1
2022-12-19,-0.9007516001852345,0,1,0,1
2022-12-20,0.10373383615349674,0,1,0,1
2022-12-21,1.4867993802734736,0,1,0,1
2022-12-22,-1.445169956861636,0,1,0,1
2022-12-23,0.5868102525282026,0,1,0,1
2022-12-27,-0.4049622110409712,0,1,0,1
2022-12-28,-1.2020638322615351,0,1,0,1
2022-12-29,1.7461331644819111,0,0,0,0
2022-12-30,-0.25407424823445934,0,0,0,0
2023-01-03,-0.4000548879248611,0,0,0,0
2023-01-04,0.7538970575044379,0,0,0,0
2023-01-05,-1.1645528874622113,0,0,0,0
2023-01-06,2.284078102943865,0,0,0,0
2023-01-09,-0.07676325452631305,0,0,0,0
2023-01-10,0.6978233159061986,0,0,0,0
2023-01-11,1.2849424614881588,0,0,0,0
2023-01-12,0.34159058663651987,0,0,0,0
2023-01-13,0.39968583635343613,0,0,0,0
2023-01-17,-0.20304911890052235,0,0,0,0
2023-01-18,-1.5562598500411085,0,0,0,0
2023-01-19,-0.7638350296294338,0,0,0,0
2023-01-20,1.8918401045981525,0,0,0,0
2023-01-23,1.188134498366522,0,0,0,0
2023-01-24,-0.07115031258156934,0,0,0,0
2023-01-25,-0.01817250594663422,0,0,0,0
2023-01-26,1.1007853469181317,0,0,0,0
2023-01-27,0.2494840970949097,0,0,0,0
2023-01-30,-1.296874098468337,0,0,0,0
2023-01-31,1.4642470285510134,0,0,0,0
2023-02-01,1.045230394459029,0,0,0,0
2023-02-02,1.4699373244309921,0,0,0,0
2023-02-03,-1.0354610691310495,0,0,0,0
2023-02-06,-0.6140463017754394,0,0,0,0
2023-02-07,1.287251059802652,0,0,0,0
2023-02-08,-1.1080724476164705,0,0,0,0
2023-02-09,-0.8829796177735161,0,0,0,0
2023-02-10,0.21952617756952897,0,0,0,0
2023-02-13,1.1448609342766147,0,0,0,0
2023-02-14,-0.02804145319874607,0,0,0,0
2023-02-15,0.2773175690496066,0,0,0,0
2023-02-16,-1.3788741489130674,0,0,0,0
2023-02-17,-0.2767405825327751,0,0,0,0
2023-02-21,-2.0041234255327334,0,0,0,0
2023-02-22,-0.1573556145886834,0,0,0,0
2023-02-23,0.5329429416074394,0,0,0,0
2023-02-24,-1.0537551485558128,0,0,0,0
2023-02-27,0.30730045671669703,0,0,0,0
2023-02-28,-0.30360018281855305,0,0,0,0
2023-03-01,-0.4725264845680033,0,0,0,0
2023-03-02,0.7582194086794392,0,0,0,0
2023-03-03,1.6147737160748799,0,0,0,0
2023-03-06,0.06871667698291617,0,0,0,0
2023-03-07,-1.5326919115337678,0,0,0,0
2023-03-08,0.141479401368394,0,0,0,0
2023-03-09,-1.845935787384867,0,0,0,0
2023-03-10,-1.447813845705137,0,0,0,0
2023-03-13,-0.1509761003189447,0,0,0,0
2023-03-14,1.6476655480623936,0,0,0,0
2023-03-15,-0.698088356543769,0,0,0,0
2023-03-16,1.7562006217166637,0,0,0,0
2023-03-17,-1.1019457310067593,0,0,0,0
2023-03-20,0.8918403718310097,0,0,0,0
2023-03-21,1.2982193897784988,0,0,0,0
2023-03-22,-1.6463223775713631,0,0,0,0
2023-03-23,0.2984528733375402,0,0,0,0
2023-03-24,0.5639807253104534,0,0,0,0
2023-03-27,0.16469543057482383,0,0,0,0
2023-03-28,-0.15738434957162095,0,0,0,0
2023-03-29,1.423726887983645,0,0,0,0
2023-03-30,0.5715269388667954,0,0,0,0
2023-03-31,1.4436542471763847,0,0,0,0
2023-04-03,0.36988464765423945,0,0,0,0
2023-04-04,-0.5796972083329965,0,0,0,0
2023-04-05,-0.2492370531228194,0,0,0,0
2023-04-06,0.35791630944272956,0,0,0,0
2023-04-10,0.09963029974375814,0,0,0,0
2023-04-11,-0.004135247794623265,0,0,0,0
2023-04-12,-0.4134884052006904,0,0,0,0
2023-04-13,1.326268999363811,0,0,0,0
2023-04-14,-0.20693734728036706,0,0,0,0
2023-04-17,0.330615690296554,0,0,0,0
2023-04-18,0.08552202959737354,0,0,0,0
2023-04-19,-0.00842619976980652,0,0,0,0
2023-04-20,-0.595254815297297,0,0,0,0
2023-04-21,0.09031888869577287,0,0,0,0
2023-04-24,0.08515791660903549,0,0,0,0
2023-04-25,-1.5810858882773227,0,0,0,0
2023-04-26,-0.3841187197329843,0,0,0,0
2023-04-27,1.956614972249704,0,0,0,0
2023-04-28,0.8253202753460531,0,0,0,0
2023-05-01,-0.03861064902076494,0,0,0,0
2023-05-02,-1.1586262936400304,0,0,0,0
2023-05-03,-0.6998305064656485,0,0,0,0
2023-05-04,-0.7218732334382416,0,0,0,0
2023-05-05,1.8474751389515376,0,0,0,0
2023-05-08,0.04521286642489297,0,0,0,0
2023-05-09,-0.4579421277258522,0,0,0,0
2023-05-10,0.44839652634049987,0,0,0,0
2023-05-11,-0.16966239932159066,0,0,0,0
2023-05-12,-0.15833068345566526,0,0,0,0
2023-05-15,0.2958164439133881,0,0,0,0
2023-05-16,-0.6377683373153031,0,0,0,0
2023-05-17,1.1890829058788244,0,0,0,0
2023-05-18,0.9445048649426635,0,0,0,0
2023-05-19,-0.14458676054706077,0,0,0,0
2023-05-22,0.01550346964389604,0,0,0,0
2023-05-23,-1.122202674755013,0,0,0,0
2023-05-24,-0.7318600335353365,0,0,0,0
2023-05-25,0.8757581265902425,0,0,0,0
2023-05-26,1.304908677799732,0,0,0,0
2023-05-30,0.001660326849850513,0,0,0,0
2023-05-31,-0.6108624209833935,0,0,0,0
2023-06-01,0.9854453563032717,0,0,0,0
2023-06-02,1.4534424705965554,0,0,0,0
2023-06-05,-0.20035816359177394,0,0,0,0
2023-06-06,0.23538963079141606,0,0,0,0
2023-06-07,-0.38120096998572883,0,0,0,0
2023-06-08,0.6188642614241457,0,0,0,0
2023-06-09,0.1148059539441082,0,0,0,0
2023-06-12,0.9321148810237156,0,0,0,0
2023-06-13,0.6932489951473775,0,0,0,0
2023-06-14,0.08194255259321714,0,0,0,0
2023-06-15,1.217813742034668,0,0,0,0
2023-06-16,-0.36716195284263176,0,0,0,0
2023-06-20,-0.47351076976228645,0,0,0,0
2023-06-21,-0.5245281583003636,0,0,0,0
2023-06-22,0.3710798414438443,0,0,0,0
2023-06-23,-0.7658808766684566,0,0,0,0
2023-06-26,-0.44868382932564677,0,0,0,0
2023-06-27,1.1455854954693034,0,0,0,0
2023-06-28,-0.035407668843834283,0,0,0,0
2023-06-29,0.4473544672805918,0,0,0,0
2023-06-30,1.2269004495714109,0,0,0,0
2023-07-03,0.11706778016009611,0,0,0,0
2023-07-05,-0.19683184132291975,0,0,0,0
2023-07-06,-0.7922511336500904,0,0,0,0
2023-07-07,-0.28651005386203243,0,0,0,0
2023-07-10,0.2405026057131332,0,0,0,0
2023-07-11,0.674221105588857,0,0,0,0
2023-07-12,0.7411233485312474,0,0,0,0
2023-07-13,0.8470153458069118,0,0,0,0
2023-07-14,-0.10244071333035398,0,0,0,0
2023-07-17,0.38553825145495324,0,0,0,0
2023-07-18,0.7117275205842377,0,0,0,0
2023-07-19,0.2357910335732072,0,0,0,0
2023-07-20,-0.6756896218903741,0,0,0,0
2023-07-21,0.03240945218980773,0,0,0,0
2023-07-24,0.4034153877153557,0,0,0,0
2023-07-25,0.2814673351556163,0,0,0,0
2023-07-26,-0.015543889679858758,0,0,0,0
2023-07-27,-0.6424666064487883,0,0,0,0
2023-07-28,0.9877842794752345,0,0,0,0
2023-07-31,0.14687129405193122,0,0,0,0
2023-08-01,-0.2665087639215691,0,0,0,0
2023-08-02,-1.3839541336347905,0,0,0,0
2023-08-03,-0.25479738404268204,0,0,0,0
2023-08-04,-0.5300074155050516,0,0,0,0
2023-08-07,0.902409277936278,0,0,0,0
2023-08-08,-0.4218283044793103,0,0,0,0
2023-08-09,-0.7038730380597102,0,0,0,0
2023-08-10,0.025071394456976925,0,0,0,0
2023-08-11,-0.10696923700230787,0,0,0,0
2023-08-14,0.5750475751703066,0,0,0,0
2023-08-15,-1.1550909428841738,0,0,0,0
2023-08-16,-0.7555395210577687,0,0,0,0
2023-08-17,-0.7712913029036983,0,0,0,0
2023-08-18,-0.014870682600087726,0,0,0,0
2023-08-21,0.6879188518795987,0,0,0,0
2023-08-22,-0.2777466728829614,0,0,0,0
2023-08-23,1.1044879965972587,0,0,0,0
2023-08-24,-1.3457974663146133,0,0,0,0
2023-08-25,0.6717966037625089,0,0,0,0
2023-08-28,0.6264619755036449,0,0,0,0
2023-08-29,1.450830719454621,0,0,0,0
2023-08-30,0.3833182103508026,0,0,0,0
2023-08-31,-0.1596936512094249,0,0,0,0
2023-09-01,0.1799129260001031,0,0,0,0
2023-09-05,-0.4194177587506065,0,0,0,0
2023-09-06,-0.6971599351452862,0,0,0,0
2023-09-07,-0.32112659361860363,0,0,0,0
2023-09-08,0.14266227216406246,0,0,0,0
2023-09-11,0.6723453106275201,0,0,0,0
2023-09-12,-0.5695885604828921,0,0,0,0
2023-09-13,0.12416323054647016,0,0,0,0
2023-09-14,0.8429918867167929,0,0,0,0
2023-09-15,-1.2159612938677844,0,0,0,0
2023-09-18,0.07212876971294246,0,0,0,0
2023-09-19,-0.2151010615372817,0,0,0,0
2023-09-20,-0.9394794758059599,0,0,0,0
2023-09-21,-1.6400934103219411,0,0,0,0
2023-09-22,-0.22955984771939608,0,0,0,0
2023-09-25,0.40230650909416354,0,0,0,0
2023-09-26,-1.4734533990868215,0,0,0,0
2023-09-27,0.022931406074522265,0,0,0,0
2023-09-28,0.5893173970516585,0,0,0,0
2023-09-29,-0.2709582086142026,0,0,0,0
2023-10-02,0.007936755559079245,0,0,0,0
2023-10-03,-1.3744071674259506,0,0,0,0
2023-10-04,0.8109754957160709,0,0,0,0
2023-10-05,-0.1304030159777203,0,0,0,0
2023-10-06,1.1814893014644445,0,0,0,0
2023-10-09,0.630385429964031,0,0,0,0
2023-10-10,0.5207990781392224,0,0,0,0
2023-10-11,0.429300817103373,0,0,0,0
2023-10-12,-0.624643434611849,0,0,0,0
2023-10-13,-0.5018858888767519,0,0,0,0
2023-10-16,1.059436938392988,0,0,0,0
2023-10-17,-0.009824505308242415,0,0,0,0
2023-10-18,-1.3399820506516447,0,0,0,0
2023-10-19,-0.8482848196321058,0,0,0,0
2023-10-20,-1.2585283719027562,0,0,0,0
2023-10-23,-0.16855698941634634,0,0,0,0
2023-10-24,0.7265792222727274,0,0,0,0
2023-10-25,-1.4339628627712542,0,0,0,0
2023-10-26,-1.1832519778109618,0,0,0,0
2023-10-27,-0.48002802297685276,0,0,0,0
2023-10-30,1.2010022325859904,0,0,0,0
2023-10-31,0.6474957307233353,0,0,0,0
2023-11-01,1.0505999486313922,0,0,0,0
2023-11-02,1.885855702012762,0,0,0,0
2023-11-03,0.9393730253031363,0,0,0,0
2023-11-06,0.17529924220356374,0,0,0,0
2023-11-07,0.28401189192852616,0,0,0,0
2023-11-08,0.10049156221052513,0,0,0,0
2023-11-09,-0.8083839306732843,0,0,0,0
2023-11-10,1.5616441094852496,0,0,0,0
2023-11-13,-0.08358389332403515,0,0,0,0
2023-11-14,1.9075017703661823,0,0,0,0
2023-11-15,0.15970120755575135,0,0,0,0
2023-11-16,0.11904273935798848,0,0,0,0
2023-11-17,0.12820490603360213,0,0,0,0
2023-11-20,0.7390278097329839,0,0,0,0
2023-11-21,-0.20209310950652926,0,0,0,0
2023-11-22,0.406112922094648,0,0,0,0
2023-11-24,0.059687366788407914,0,0,0,0
2023-11-27,-0.1954157460090089,0,0,0,0
2023-11-28,0.09801185306033133,0,0,0,0
2023-11-29,-0.09462486392383118,0,0,0,0
2023-11-30,0.37840728581564065,0,0,0,0
2023-12-01,0.5873742123607695,0,0,0,0
2023-12-04,-0.5408509126972105,0,0,0,0
2023-12-05,-0.056886972616143616,0,0,0,0
2023-12-06,-0.3906202808869552,0,0,0,0
2023-12-07,0.7968189065892917,0,0,0,0
2023-12-08,0.40954978699407896,0,0,0,0
2023-12-11,0.3924494286698943,0,0,0,0
2023-12-12,0.45993575202152304,0,0,0,0
2023-12-13,1.3650676351045998,0,0,0,0
2023-12-14,0.26470624846992585,0,0,0,0
2023-12-15,-0.00762494933082003,0,0,0,0
2023-12-18,0.45283443669004164,0,0,0,0
2023-12-19,0.5866407818910568,0,0,0,0
2023-12-20,-1.4684266911006771,0,0,0,0
2023-12-21,1.030146782120256,0,0,0,0
2023-12-22,0.16600585268868873,0,0,0,0
2023-12-26,0.42316894655107795,0,0,0,0
2023-12-27,0.14304577464787638,0,0,0,0
2023-12-28,0.03701746080437829,0,0,0,0
2023-12-29,-0.2826475013374963,0,0,0,0
